{"cameraMode":{"drawMode":0,"name":"Shaded","section":"Shading Mode"},"sceneLighting":true,"audioPlay":false,"sceneViewState":{"showFog":true,"showMaterialUpdate":false,"showSkybox":true,"showFlares":true,"showImageEffects":true,"showParticleSystems":true},"in2DMode":false,"pivot":{"x":2.8700711727142336,"y":2.4442858695983888,"z":1.0644502639770508},"rotation":{"x":-0.10720042884349823,"y":0.00834974180907011,"z":-0.0009026642655953765,"w":-0.9942136406898499},"size":6.67237663269043,"orthographic":false}